id;id_kota;nama_kec;kode_kec
1;1;TEUPAH SELATAN;1101010
2;1;SIMEULUE TIMUR;1101020
3;1;TEUPAH BARAT;1101021
4;1;TEUPAH TENGAH;1101022
5;1;SIMEULUE TENGAH;1101030
6;1;TELUK DALAM;1101031
7;1;SIMEULUE CUT;1101032
8;1;SALANG;1101040
9;1;SIMEULUE BARAT;1101050
10;1;ALAFAN;1101051
11;2;PULAU BANYAK;1102010
12;2;PULAU BANYAK BARAT;1102011
13;2;SINGKIL;1102020
14;2;SINGKIL UTARA;1102021
15;2;KUALA BARU;1102022
16;2;SIMPANG KANAN;1102030
17;2;GUNUNG MERIAH;1102031
18;2;DANAU PARIS;1102032
19;2;SURO;1102033
20;2;SINGKOHOR;1102042
21;2;KOTA BAHARU;1102043
22;3;TRUMON;1103010
23;3;TRUMON TIMUR;1103011
24;3;TRUMON TENGAH;1103012
25;3;BAKONGAN;1103020
26;3;BAKONGAN TIMUR;1103021
27;3;KOTA BAHAGIA;1103022
28;3;KLUET SELATAN;1103030
29;3;KLUET TIMUR;1103031
30;3;KLUET UTARA;1103040
31;3;PASIE RAJA;1103041
32;3;KLUET TENGAH;1103042
33;3;TAPAK TUAN;1103050
34;3;SAMA DUA;1103060
35;3;SAWANG;1103070
36;3;MEUKEK;1103080
37;3;LABUHAN HAJI;1103090
38;3;LABUHAN HAJI TIMUR;1103091
39;3;LABUHAN HAJI BARAT;1103092
40;4;LAWE ALAS;1104010
41;4;BABUL RAHMAH;1104011
42;4;TANOH ALAS;1104012
43;4;LAWE SIGALA-GALA;1104020
44;4;BABUL MAKMUR;1104021
45;4;SEMADAM;1104022
46;4;LAUSER;1104023
47;4;BAMBEL;1104030
48;4;BUKIT TUSAM;1104031
49;4;LAWE SUMUR;1104032
50;4;BABUSSALAM;1104040
51;4;LAWE BULAN;1104041
52;4;BADAR;1104050
53;4;DARUL HASANAH;1104051
54;4;KETAMBE;1104052
55;4;DELENG POKHKISEN;1104053
56;5;SERBA JADI;1105080
57;5;SIMPANG JERNIH;1105081
58;5;PEUNARON;1105082
59;5;BIREM BAYEUN;1105090
60;5;RANTAU SELAMAT;1105100
61;5;SUNGAI RAYA;1105101
62;5;PEUREULAK;1105110
63;5;PEUREULAK TIMUR;1105111
64;5;PEUREULAK BARAT;1105112
65;5;RANTO PEUREULAK;1105120
66;5;IDI RAYEUK;1105130
67;5;PEUDAWA;1105131
68;5;BANDA ALAM;1105132
69;5;IDI TUNONG;1105133
70;5;DARUL IHSAN;1105134
71;5;IDI TIMUR;1105135
72;5;DARUL AMAN;1105140
73;5;NURUSSALAM;1105150
74;5;DARUL FALAH;1105151
75;5;JULOK;1105160
76;5;INDRA MAKMUR;1105161
77;5;PANTE BIDARI;1105170
78;5;SIMPANG ULIM;1105180
79;5;MADAT;1105181
80;6;LINGE;1106010
81;6;ATU LINTANG;1106011
82;6;JAGONG JEGET;1106012
83;6;BINTANG;1106020
84;6;LUT TAWAR;1106031
85;6;KEBAYAKAN;1106032
86;6;PEGASING;1106040
87;6;BIES;1106041
88;6;BEBESEN;1106050
89;6;KUTE PANANG;1106051
90;6;SILIH NARA;1106060
91;6;KETOL;1106061
92;6;CELALA;1106062
93;6;RUSIP ANTARA;1106063
94;7;JOHAN PAHLAWAN;1107050
95;7;SAMATIGA;1107060
96;7;BUBON;1107061
97;7;ARONGAN LAMBALEK;1107062
98;7;WOYLA;1107070
99;7;WOYLA BARAT;1107071
100;7;WOYLA TIMUR;1107072
101;7;KAWAY XVI;1107080
102;7;MEUREUBO;1107081
103;7;PANTAI CEUREMEN;1107082
104;7;PANTON REU;1107083
105;7;SUNGAI MAS;1107090
106;8;LHOONG;1108010
107;8;LHOKNGA;1108020
108;8;LEUPUNG;1108021
109;8;INDRAPURI;1108030
110;8;KUTA COT GLIE;1108031
111;8;SEULIMEUM;1108040
112;8;KOTA JANTHO;1108041
113;8;LEMBAH SEULAWAH;1108042
114;8;MESJID RAYA;1108050
115;8;DARUSSALAM;1108060
116;8;BAITUSSALAM;1108061
117;8;KUTA BARO;1108070
118;8;MONTASIK;1108080
119;8;BLANG BINTANG;1108081
120;8;INGIN JAYA;1108090
121;8;KRUENG BARONA JAYA;1108091
122;8;SUKA MAKMUR;1108100
123;8;KUTA MALAKA;1108101
124;8;SIMPANG TIGA;1108102
125;8;DARUL IMARAH;1108110
126;8;DARUL KAMAL;1108111
127;8;PEUKAN BADA;1108120
128;8;PULO ACEH;1108130
129;9;GEUMPANG;1109010
130;9;MANE;1109011
131;9;GLUMPANG TIGA;1109070
132;9;GLUMPANG BARO;1109071
133;9;MUTIARA;1109080
134;9;MUTIARA TIMUR;1109081
135;9;TIRO/TRUSEB;1109090
136;9;TANGSE;1109100
137;9;KEUMALA;1109111
138;9;TITEUE;1109112
139;9;SAKTI;1109120
140;9;MILA;1109130
141;9;PADANG TIJI;1109140
142;9;DELIMA;1109150
143;9;GRONG GRONG;1109151
144;9;INDRAJAYA;1109160
145;9;PEUKAN BARO;1109170
146;9;KEMBANG TANJONG;1109180
147;9;SIMPANG TIGA;1109190
148;9;KOTA SIGLI;1109200
149;9;PIDIE;1109210
150;9;BATEE;1109220
151;9;MUARA TIGA;1109230
152;10;SAMALANGA;1110010
153;10;SIMPANG MAMPLAM;1110011
154;10;PANDRAH;1110020
155;10;JEUNIEB;1110030
156;10;PEULIMBANG;1110031
157;10;PEUDADA;1110040
158;10;JULI;1110050
159;10;JEUMPA;1110060
160;10;KOTA JUANG;1110061
161;10;KUALA;1110062
162;10;JANGKA;1110070
163;10;PEUSANGAN;1110080
164;10;PEUSANGAN SELATAN;1110081
165;10;PEUSANGAN SIBLAH KRUENG;1110082
166;10;MAKMUR;1110090
167;10;GANDA PURA;1110100
168;10;KUTA BLANG;1110101
169;11;SAWANG;1111010
170;11;NISAM;1111020
171;11;NISAM ANTARA;1111021
172;11;BANDA BARO;1111022
173;11;KUTA MAKMUR;1111030
174;11;SIMPANG KERAMAT;1111031
175;11;SYAMTALIRA BAYU;1111040
176;11;GEUREUDONG PASE;1111041
177;11;MEURAH MULIA;1111050
178;11;MATANGKULI;1111060
179;11;PAYA BAKONG;1111061
180;11;PIRAK TIMU;1111062
181;11;COT GIREK;1111070
182;11;TANAH JAMBO AYE;1111080
183;11;LANGKAHAN;1111081
184;11;SEUNUDDON;1111090
185;11;BAKTIYA;1111100
186;11;BAKTIYA BARAT;1111101
187;11;LHOKSUKON;1111110
188;11;TANAH LUAS;1111120
189;11;NIBONG;1111121
190;11;SAMUDERA;1111130
191;11;SYAMTALIRA ARON;1111140
192;11;TANAH PASIR;1111150
193;11;LAPANG;1111151
194;11;MUARA BATU;1111160
195;11;DEWANTARA;1111170
196;12;MANGGENG;1112010
197;12;LEMBAH SABIL;1112011
198;12;TANGAN-TANGAN;1112020
199;12;SETIA;1112021
200;12;BLANG PIDIE;1112030
201;12;JEUMPA;1112031
202;12;SUSOH;1112040
203;12;KUALA BATEE;1112050
204;12;BABAH ROT;1112060
205;13;KUTA PANJANG;1113010
206;13;BLANG JERANGO;1113011
207;13;BLANGKEJEREN;1113020
208;13;PUTRI BETUNG;1113021
209;13;DABUN GELANG;1113022
210;13;BLANG PEGAYON;1113023
211;13;PINING;1113030
212;13;RIKIT GAIB;1113040
213;13;PANTAN CUACA;1113041
214;13;TERANGUN;1113050
215;13;TRIPE JAYA;1113051
216;14;TAMIANG HULU;1114010
217;14;BANDAR PUSAKA;1114011
218;14;KEJURUAN MUDA;1114020
219;14;TENGGULUN;1114021
220;14;RANTAU;1114030
221;14;KOTA KUALA SIMPANG;1114040
222;14;SERUWAY;1114050
223;14;BENDAHARA;1114060
224;14;BANDA MULIA;1114061
225;14;KARANG BARU;1114070
226;14;SEKERAK;1114071
227;14;MANYAK PAYED;1114080
228;15;DARUL MAKMUR;1115010
229;15;TRIPA MAKMUR;1115011
230;15;KUALA;1115020
231;15;KUALA PESISIR;1115021
232;15;TADU RAYA;1115022
233;15;BEUTONG;1115030
234;15;BEUTONG ATEUH BANGGALANG;1115031
235;15;SEUNAGAN;1115040
236;15;SUKA MAKMUE;1115041
237;15;SEUNAGAN TIMUR;1115050
238;16;TEUNOM;1116010
239;16;PASIE RAYA;1116011
240;16;PANGA;1116020
241;16;KRUENG SABEE;1116030
242;16;SETIA BAKTI;1116040
243;16;SAMPOINIET;1116050
244;16;DARUL HIKMAH;1116051
245;16;JAYA;1116060
246;16;INDRA JAYA;1116061
247;17;TIMANG GAJAH;1117010
248;17;GAJAH PUTIH;1117011
249;17;PINTU RIME GAYO;1117020
250;17;BUKIT;1117030
251;17;WIH PESAM;1117040
252;17;BANDAR;1117050
253;17;BENER KELIPAH;1117051
254;17;SYIAH UTAMA;1117060
255;17;MESIDAH;1117061
256;17;PERMATA;1117070
257;18;MEUREUDU;1118010
258;18;MEURAH DUA;1118020
259;18;BANDAR DUA;1118030
260;18;JANGKA BUYA;1118040
261;18;ULIM;1118050
262;18;TRIENGGADENG;1118060
263;18;PANTERAJA;1118070
264;18;BANDAR BARU;1118080
265;19;MEURAXA;1171010
266;19;JAYA BARU;1171011
267;19;BANDA RAYA;1171012
268;19;BAITURRAHMAN;1171020
269;19;LUENG BATA;1171021
270;19;KUTA ALAM;1171030
271;19;KUTA RAJA;1171031
272;19;SYIAH KUALA;1171040
273;19;ULEE KARENG;1171041
274;20;SUKAJAYA;1172010
275;20;SUKAKARYA;1172020
276;21;LANGSA TIMUR;1173010
277;21;LANGSA LAMA;1173011
278;21;LANGSA BARAT;1173020
279;21;LANGSA BARO;1173021
280;21;LANGSA KOTA;1173030
281;22;BLANG MANGAT;1174010
282;22;MUARA DUA;1174020
283;22;MUARA SATU;1174021
284;22;BANDA SAKTI;1174030
285;23;SIMPANG KIRI;1175010
286;23;PENANGGALAN;1175020
287;23;RUNDENG;1175030
288;23;SULTAN DAULAT;1175040
289;23;LONGKIB;1175050
290;24;IDANO GAWO;1201060
291;24;BAWOLATO;1201061
292;24;ULUGAWO;1201062
293;24;GIDO;1201070
294;24;SOGAEADU;1201071
295;24;MA U;1201081
296;24;SOMOLO - MOLO;1201082
297;24;HILIDUHO;1201130
298;24;HILI SERANGKAI;1201131
299;24;BOTOMUZOI;1201132
300;25;BATAHAN;1202010
301;25;SINUNUKAN;1202011
302;25;BATANG NATAL;1202020
303;25;LINGGA BAYU;1202021
304;25;RANTO BAEK;1202022
305;25;KOTANOPAN;1202030
306;25;ULU PUNGKUT;1202031
307;25;TAMBANGAN;1202032
308;25;LEMBAH SORIK MARAPI;1202033
309;25;PUNCAK SORIK MARAPI;1202034
310;25;MUARA SIPONGI;1202040
311;25;PAKANTAN;1202041
312;25;PANYABUNGAN;1202050
313;25;PANYABUNGAN SELATAN;1202051
314;25;PANYABUNGAN BARAT;1202052
315;25;PANYABUNGAN UTARA;1202053
316;25;PANYABUNGAN TIMUR;1202054
317;25;HUTA BARGOT;1202055
318;25;NATAL;1202060
319;25;MUARA BATANG GADIS;1202070
320;25;SIABU;1202080
321;25;BUKIT MALINTANG;1202081
322;25;NAGA JUANG;1202082
323;26;BATANG ANGKOLA;1203010
324;26;SAYUR MATINGGI;1203011
325;26;TANO TOMBANGAN ANGKOLA;1203012
326;26;ANGKOLA TIMUR;1203070
327;26;ANGKOLA SELATAN;1203080
328;26;ANGKOLA  BARAT;1203090
329;26;ANGKOLA SANGKUNUR;1203091
330;26;BATANG TORU;1203100
331;26;MARANCAR;1203101
332;26;MUARA BATANG TORU;1203102
333;26;SIPIROK;1203110
334;26;ARSE;1203120
335;26;SAIPAR DOLOK HOLE;1203160
336;26;AEK BILAH;1203161
337;27;PINANG SORI;1204010
338;27;BADIRI;1204011
339;27;SIBABANGUN;1204020
340;27;LUMUT;1204021
341;27;SUKABANGUN;1204022
342;27;PANDAN;1204030
343;27;TUKKA;1204031
344;27;SARUDIK;1204032
345;27;TAPIAN NAULI;1204040
346;27;SITAHUIS;1204041
347;27;KOLANG;1204050
348;27;SORKAM;1204060
349;27;SORKAM BARAT;1204061
350;27;PASARIBU TOBING;1204062
351;27;BARUS;1204070
352;27;SOSOR GADONG;1204071
353;27;ANDAM DEWI;1204072
354;27;BARUS UTARA;1204073
355;27;MANDUAMAS;1204080
356;27;SIRANDORUNG;1204081
357;28;PARMONANGAN;1205030
358;28;ADIANKOTING;1205040
359;28;SIPOHOLON;1205050
360;28;TARUTUNG;1205060
361;28;SIATAS BARITA;1205061
362;28;PAHAE JULU;1205070
363;28;PAHAE JAE;1205080
364;28;PURBATUA;1205081
365;28;SIMANGUMBAN;1205082
366;28;PANGARIBUAN;1205090
367;28;GAROGA;1205100
368;28;SIPAHUTAR;1205110
369;28;SIBORONGBORONG;1205120
370;28;PAGARAN;1205130
371;28;MUARA;1205180
372;29;BALIGE;1206030
373;29;TAMPAHAN;1206031
374;29;LAGUBOTI;1206040
375;29;HABINSARAN;1206050
376;29;BORBOR;1206051
377;29;NASSAU;1206052
378;29;SILAEN;1206060
379;29;SIGUMPAR;1206061
380;29;PORSEA;1206070
381;29;PINTU POHAN MERANTI;1206071
382;29;SIANTAR NARUMONDA;1206072
383;29;PARMAKSIAN;1206073
384;29;LUMBAN JULU;1206080
385;29;ULUAN;1206081
386;29;AJIBATA;1206082
387;29;BONATUA LUNASI;1206083
388;30;BILAH HULU;1207050
389;30;PANGKATAN;1207070
390;30;BILAH BARAT;1207080
391;30;BILAH HILIR;1207130
392;30;PANAI HULU;1207140
393;30;PANAI TENGAH;1207150
394;30;PANAI HILIR;1207160
395;30;RANTAU SELATAN;1207210
396;30;RANTAU UTARA;1207220
397;31;BANDAR PASIR MANDOGE;1208010
398;31;BANDAR PULAU;1208020
399;31;AEK SONGSONGAN;1208021
400;31;RAHUNING;1208022
401;31;PULAU RAKYAT;1208030
402;31;AEK KUASAN;1208031
403;31;AEK LEDONG;1208032
404;31;SEI KEPAYANG;1208040
405;31;SEI KEPAYANG BARAT;1208041
406;31;SEI KEPAYANG TIMUR;1208042
407;31;TANJUNG BALAI;1208050
408;31;SIMPANG EMPAT;1208060
409;31;TELUK DALAM;1208061
410;31;AIR BATU;1208070
411;31;SEI DADAP;1208071
412;31;BUNTU PANE;1208080
413;31;TINGGI RAJA;1208081
414;31;SETIA JANJI;1208082
415;31;MERANTI;1208090
416;31;PULO BANDRING;1208091
417;31;RAWANG PANCA ARGA;1208092
418;31;AIR JOMAN;1208100
419;31;SILAU LAUT;1208101
420;31;KISARAN BARAT;1208160
421;31;KISARAN TIMUR;1208170
422;32;SILIMAKUTA;1209010
423;32;PEMATANG SILIMAHUTA;1209011
424;32;PURBA;1209020
425;32;HARANGGAOL HORISON;1209021
426;32;DOLOK PARDAMEAN;1209030
427;32;SIDAMANIK;1209040
428;32;PEMATANG SIDAMANIK;1209041
429;32;GIRSANG SIPANGAN BOLON;1209050
430;32;TANAH JAWA;1209060
431;32;HATONDUHAN;1209061
432;32;DOLOK PANRIBUAN;1209070
433;32;JORLANG HATARAN;1209080
434;32;PANEI;1209090
435;32;PANOMBEAN PANEI;1209091
436;32;RAYA;1209100
437;32;DOLOK SILAU;1209110
438;32;SILAU KAHEAN;1209120
439;32;RAYA KAHEAN;1209130
440;32;TAPIAN DOLOK;1209140
441;32;DOLOK BATU NANGGAR;1209150
442;32;SIANTAR;1209160
443;32;GUNUNG MALELA;1209161
444;32;GUNUNG MALIGAS;1209162
445;32;HUTABAYU RAJA;1209170
446;32;JAWA MARAJA BAH JAMBI;1209171
447;32;PEMATANG BANDAR;1209180
448;32;BANDAR HULUAN;1209181
449;32;BANDAR;1209190
450;32;BANDAR MASILAM;1209191
451;32;BOSAR MALIGAS;1209200
452;32;UJUNG PADANG;1209210
453;34;SIDIKALANG;1210030
454;34;BERAMPU;1210031
455;34;SITINJO;1210032
456;34;PARBULUAN;1210040
457;34;SUMBUL;1210050
458;34;SILAHI SABUNGAN;1210051
459;34;SILIMA PUNGGA-PUNGGA;1210060
460;34;LAE PARIRA;1210061
461;34;SIEMPAT NEMPU;1210070
462;34;SIEMPAT NEMPU HULU;1210080
463;34;SIEMPAT NEMPU HILIR;1210090
464;34;TIGA LINGGA;1210100
465;34;GUNUNG SITEMBER;1210101
466;34;PEGAGAN HILIR;1210110
467;34;TANAH PINEM;1210120
468;35;MARDINGDING;1211010
469;35;LAUBALENG;1211020
470;35;TIGA BINANGA;1211030
471;35;JUHAR;1211040
472;35;MUNTE;1211050
473;35;KUTA BULUH;1211060
474;35;PAYUNG;1211070
475;35;TIGANDERKET;1211071
476;35;SIMPANG EMPAT;1211080
477;35;NAMAN TERAN;1211081
478;35;MERDEKA;1211082
479;35;KABANJAHE;1211090
480;35;BERASTAGI;1211100
481;35;TIGAPANAH;1211110
482;35;DOLAT RAYAT;1211111
483;35;MEREK;1211120
484;35;BARUSJAHE;1211130
485;36;GUNUNG MERIAH;1212010
486;36;SINEMBAH TANJUNG MUDA HULU;1212020
487;36;SIBOLANGIT;1212030
488;36;KUTALIMBARU;1212040
489;36;PANCUR BATU;1212050
490;36;NAMO RAMBE;1212060
491;36;BIRU-BIRU;1212070
492;36;SINEMBAH TANJUNG MUDA HILIR;1212080
493;36;BANGUN PURBA;1212090
494;36;GALANG;1212190
495;36;TANJUNG MORAWA;1212200
496;36;PATUMBAK;1212210
497;36;DELI TUA;1212220
498;36;SUNGGAL;1212230
499;36;HAMPARAN PERAK;1212240
500;36;LABUHAN DELI;1212250
501;36;PERCUT SEI TUAN;1212260
502;36;BATANG KUIS;1212270
503;36;PANTAI LABU;1212280
504;36;BERINGIN;1212290
505;36;LUBUK PAKAM;1212300
506;36;PAGAR MERBAU;1212310
507;37;BOHOROK;1213010
508;37;SIRAPIT;1213011
509;37;SALAPIAN;1213020
510;37;KUTAMBARU;1213021
511;37;SEI BINGAI;1213030
512;37;KUALA;1213040
513;37;SELESAI;1213050
514;37;BINJAI;1213060
515;37;STABAT;1213070
516;37;WAMPU;1213080
517;37;BATANG SERANGAN;1213090
518;37;SAWIT SEBERANG;1213100
519;37;PADANG TUALANG;1213110
520;37;HINAI;1213120
521;37;SECANGGANG;1213130
522;37;TANJUNG PURA;1213140
523;37;GEBANG;1213150
524;37;BABALAN;1213160
525;37;SEI LEPAN;1213170
526;37;BRANDAN BARAT;1213180
527;37;BESITANG;1213190
528;37;PANGKALAN SUSU;1213200
529;37;PEMATANG JAYA;1213201
530;38;HIBALA;1214010
531;38;TANAH MASA;1214011
532;38;PULAU-PULAU BATU;1214020
533;38;PULAU-PULAU BATU TIMUR;1214021
534;38;SIMUK;1214022
535;38;PULAU-PULAU BATU BARAT;1214023
536;38;PULAU-PULAU BATU UTARA;1214024
537;38;TELUK DALAM;1214030
538;38;FANAYAMA;1214031
539;38;TOMA;1214032
540;38;MANIAMOLO;1214033
541;38;MAZINO;1214034
542;38;LUAHAGUNDRE MANIAMOLO;1214035
543;38;ONOLALU;1214036
544;38;AMANDRAYA;1214040
545;38;ARAMO;1214041
546;38;ULUSUSUA;1214042
547;38;LAHUSA;1214050
548;38;SIDUAORI;1214051
549;38;SOMAMBAWA;1214052
550;38;GOMO;1214060
551;38;SUSUA;1214061
552;38;MAZO;1214062
553;38;UMBUNASI;1214063
554;38;IDANOTAE;1214064
555;38;ULUIDANOTAE;1214065
556;38;BORONADU;1214066
557;38;LOLOMATUA;1214070
558;38;ULUNOYO;1214071
559;38;HURUNA;1214072
560;38;LOLOWA'U;1214080
561;38;HILIMEGAI;1214081
562;38;OOU;1214082
563;38;ONOHAZUMBA;1214083
564;38;HILISALAWAAHE;1214084
565;39;PAKKAT;1215010
566;39;ONAN GANJANG;1215020
567;39;SIJAMA POLANG;1215030
568;39;DOLOK SANGGUL;1215040
569;39;LINTONG NIHUTA;1215050
570;39;PARANGINAN;1215060
571;39;BAKTI RAJA;1215070
572;39;POLLUNG;1215080
573;39;PARLILITAN;1215090
574;39;TARA BINTANG;1215100
575;40;SALAK;1216010
576;40;SITELLU TALI URANG JEHE;1216011
577;40;PAGINDAR;1216012
578;40;SITELLU TALI URANG JULU;1216013
579;40;PERGETTENG-GETTENG SENGKUT;1216014
580;40;KERAJAAN;1216020
581;40;TINADA;1216021
582;40;SIEMPAT RUBE;1216022
583;41;SIANJUR MULA MULA;1217010
584;41;HARIAN;1217020
585;41;SITIO-TIO;1217030
586;41;ONAN RUNGGU;1217040
587;41;NAINGGOLAN;1217050
588;41;PALIPI;1217060
589;41;RONGGUR NIHUTA;1217070
590;41;PANGURURAN;1217080
591;41;SIMANINDO;1217090
592;42;KOTARIH;1218010
593;42;SILINDA;1218011
594;42;BINTANG BAYU;1218012
595;42;DOLOK MASIHUL;1218020
596;42;SERBAJADI;1218021
597;42;SIPISPIS;1218030
598;42;DOLOK MERAWAN;1218040
599;42;TEBINGTINGGI;1218050
600;42;TEBING SYAHBANDAR;1218051
601;42;BANDAR KHALIPAH;1218060
602;42;TANJUNG BERINGIN;1218070
603;42;SEI RAMPAH;1218080
604;42;SEI BAMBAN;1218081
605;42;TELUK MENGKUDU;1218090
606;42;PERBAUNGAN;1218100
607;42;PEGAJAHAN;1218101
608;42;PANTAI CERMIN;1218110
609;43;SEI BALAI;1219010
610;43;TANJUNG TIRAM;1219020
611;43;TALAWI;1219030
612;43;LIMAPULUH;1219040
613;43;AIR PUTIH;1219050
614;43;SEI SUKA;1219060
615;43;MEDANG DERAS;1219070
616;44;BATANG ONANG;1220010
617;44;PADANG BOLAK JULU;1220020
618;44;PORTIBI;1220030
619;44;PADANG BOLAK;1220040
620;44;SIMANGAMBAT;1220050
621;44;HALONGONAN;1220060
622;44;DOLOK;1220070
623;44;DOLOK SIGOMPULON;1220080
624;44;HULU SIHAPAS;1220090
625;45;SOSOPAN;1221010
626;45;ULU BARUMUN;1221020
627;45;BARUMUN;1221030
628;45;BARUMUN SELATAN;1221031
629;45;LUBUK BARUMUN;1221040
630;45;SOSA;1221050
631;45;BATANG LUBU SUTAM;1221060
632;45;HUTA RAJA TINGGI;1221070
633;45;HURISTAK;1221080
634;45;BARUMUN TENGAH;1221090
635;45;AEK NABARA BARUMUN;1221091
636;45;SIHAPAS BARUMUN;1221092
637;46;SUNGAI KANAN;1222010
638;46;TORGAMBA;1222020
639;46;KOTA PINANG;1222030
640;46;SILANGKITANG;1222040
641;46;KAMPUNG RAKYAT;1222050
642;47;NA IX-X;1223010
643;47;MARBAU;1223020
644;47;AEK KUO;1223030
645;47;AEK NATAS;1223040
646;47;KUALUH SELATAN;1223050
647;47;KUALUH HILIR;1223060
648;47;KUALUH HULU;1223070
649;47;KUALUH LEIDONG;1223080
650;48;TUGALA OYO;1224010
651;48;ALASA;1224020
652;48;ALASA TALU MUZOI;1224030
653;48;NAMOHALU ESIWA;1224040
654;48;SITOLU ORI;1224050
655;48;TUHEMBERUA;1224060
656;48;SAWO;1224070
657;48;LOTU;1224080
658;48;LAHEWA TIMUR;1224090
659;48;AFULU;1224100
660;48;LAHEWA;1224110
661;49;SIROMBU;1225010
662;49;LAHOMI;1225020
663;49;ULU MORO O;1225030
664;49;LOLOFITU MOI;1225040
665;49;MANDREHE UTARA;1225050
666;49;MANDREHE;1225060
667;49;MANDREHE BARAT;1225070
668;49;MORO O;1225080
669;50;SIBOLGA UTARA;1271010
670;50;SIBOLGA KOTA;1271020
671;50;SIBOLGA SELATAN;1271030
672;50;SIBOLGA SAMBAS;1271031
673;51;DATUK BANDAR;1272010
674;51;DATUK BANDAR TIMUR;1272011
675;51;TANJUNG BALAI SELATAN;1272020
676;51;TANJUNG BALAI UTARA;1272030
677;51;SEI TUALANG RASO;1272040
678;51;TELUK NIBUNG;1272050
679;52;SIANTAR MARIHAT;1273010
680;52;SIANTAR MARIMBUN;1273011
681;52;SIANTAR SELATAN;1273020
682;52;SIANTAR BARAT;1273030
683;52;SIANTAR UTARA;1273040
684;52;SIANTAR TIMUR;1273050
685;52;SIANTAR MARTOBA;1273060
686;52;SIANTAR SITALASARI;1273061
687;53;PADANG HULU;1274010
688;53;TEBING TINGGI KOTA;1274011
689;53;RAMBUTAN;1274020
690;53;BAJENIS;1274021
691;53;PADANG HILIR;1274030
692;54;MEDAN TUNTUNGAN;1275010
693;54;MEDAN JOHOR;1275020
694;54;MEDAN AMPLAS;1275030
695;54;MEDAN DENAI;1275040
696;54;MEDAN AREA;1275050
697;54;MEDAN KOTA;1275060
698;54;MEDAN MAIMUN;1275070
699;54;MEDAN POLONIA;1275080
700;54;MEDAN BARU;1275090
701;54;MEDAN SELAYANG;1275100
702;54;MEDAN SUNGGAL;1275110
703;54;MEDAN HELVETIA;1275120
704;54;MEDAN PETISAH;1275130
705;54;MEDAN BARAT;1275140
706;54;MEDAN TIMUR;1275150
707;54;MEDAN PERJUANGAN;1275160
708;54;MEDAN TEMBUNG;1275170
709;54;MEDAN DELI;1275180
710;54;MEDAN LABUHAN;1275190
711;54;MEDAN MARELAN;1275200
712;54;MEDAN BELAWAN;1275210
713;55;BINJAI SELATAN;1276010
714;55;BINJAI KOTA;1276020
715;55;BINJAI TIMUR;1276030
716;55;BINJAI UTARA;1276040
717;55;BINJAI BARAT;1276050
718;56;PADANGSIDIMPUAN TENGGARA;1277010
719;56;PADANGSIDIMPUAN SELATAN;1277020
720;56;PADANGSIDIMPUAN BATUNADUA;1277030
721;56;PADANGSIDIMPUAN UTARA;1277040
722;56;PADANGSIDIMPUAN HUTAIMBARU;1277050
723;56;PADANGSIDIMPUAN ANGKOLA JULU;1277051
724;57;GUNUNGSITOLI IDANOI;1278010
725;57;GUNUNGSITOLI SELATAN;1278020
726;57;GUNUNGSITOLI BARAT;1278030
727;57;GUNUNG SITOLI;1278040
728;57;GUNUNGSITOLI ALO OA;1278050
729;57;GUNUNGSITOLI UTARA;1278060
730;58;PAGAI SELATAN;1301011
731;58;SIKAKAP;1301012
732;58;PAGAI UTARA;1301013
733;58;SIPORA SELATAN;1301021
734;58;SIPORA UTARA;1301022
735;58;SIBERUT SELATAN;1301030
736;58;SEBERUT BARAT DAYA;1301031
737;58;SIBERUT TENGAH;1301032
738;58;SIBERUT UTARA;1301040
739;58;SIBERUT BARAT;1301041
740;59;SILAUT;1302011
741;59;LUNANG;1302012
742;59;BASA AMPEK BALAI TAPAN;1302020
743;59;RANAH AMPEK HULU TAPAN;1302021
744;59;PANCUNG SOAL;1302030
745;59;AIRPURA;1302031
746;59;LINGGO SARI BAGANTI;1302040
747;59;RANAH PESISIR;1302050
748;59;LENGAYANG;1302060
749;59;SUTERA;1302070
750;59;BATANG KAPAS;1302080
751;59;IV JURAI;1302090
752;59;BAYANG;1302100
753;59;IV  NAGARI BAYANG UTARA;1302101
754;59;KOTO XI TARUSAN;1302110
755;60;PANTAI CERMIN;1303040
756;60;LEMBAH GUMANTI;1303050
757;60;HILIRAN GUMANTI;1303051
758;60;PAYUNG SEKAKI;1303060
759;60;TIGO LURAH;1303061
760;60;LEMBANG JAYA;1303070
761;60;DANAU KEMBAR;1303071
762;60;GUNUNG TALANG;1303080
763;60;BUKIT SUNDI;1303090
764;60;IX KOTO SUNGAI LASI;1303100
765;60;KUBUNG;1303110
766;60;X KOTO DIATAS;1303120
767;60;X KOTO SINGKARAK;1303130
768;60;JUNJUNG SIRIH;1303140
769;61;KAMANG BARU;1304050
770;61;TANJUNG GADANG;1304060
771;61;SIJUNJUNG;1304070
772;61;LUBUK TAROK;1304071
773;61;IV NAGARI;1304080
774;61;KUPITAN;1304090
775;61;KOTO TUJUH;1304100
776;61;SUMPUR KUDUS;1304110
777;62;SEPULUH KOTO;1305010
778;62;BATIPUH;1305020
779;62;BATIPUH SELATAN;1305021
780;62;PARIANGAN;1305030
781;62;RAMBATAN;1305040
782;62;LIMA KAUM;1305050
783;62;TANJUNG EMAS;1305060
784;62;PADANG GANTING;1305070
785;62;LINTAU BUO;1305080
786;62;LINTAU BUO UTARA;1305081
787;62;SUNGAYANG;1305090
788;62;SUNGAI TARAB;1305100
789;62;SALIMPAUNG;1305110
790;62;TANJUNG BARU;1305111
791;63;BATANG ANAI;1306010
792;63;LUBUK ALUNG;1306020
793;63;SINTUK TOBOH GADANG;1306021
794;63;ULAKAN TAPAKIS;1306030
795;63;NAN SABARIS;1306040
796;63;2 X 11 ENAM LINGKUNG;1306050
797;63;ENAM LINGKUNG;1306051
798;63;2 X 11 KAYU TANAM;1306052
799;63;VII KOTO SUNGAI SARIAK;1306060
800;63;PATAMUAN;1306061
801;63;PADANG SAGO;1306062
802;63;V KOTO KP DALAM;1306070
803;63;V KOTO TIMUR;1306071
804;63;SUNGAI LIMAU;1306080
805;63;BATANG GASAN;1306081
806;63;SUNGAI GERINGGING;1306090
807;63;IV KOTO AUR MALINTANG;1306100
808;64;TANJUNG MUTIARA;1307010
809;64;LUBUK BASUNG;1307020
810;64;AMPEK NAGARI;1307021
811;64;TANJUNG RAYA;1307030
812;64;MATUR;1307040
813;64;IV KOTO;1307050
814;64;MALALAK;1307051
815;64;BANUHAMPU;1307061
816;64;SUNGAI PUA;1307062
817;64;AMPEK ANGKEK;1307070
818;64;CANDUANG;1307071
819;64;BASO;1307080
820;64;TILATANG KAMANG;1307090
821;64;KAMANG MAGEK;1307091
822;64;PALEMBAYAN;1307100
823;64;PALUPUH;1307110
824;65;PAYAKUMBUH;1308010
825;65;AKABILURU;1308011
826;65;LUAK;1308020
827;65;LAREH SAGO HALABAN;1308021
828;65;SITUJUAH LIMO NAGARI;1308022
829;65;HARAU;1308030
830;65;GUGUAK;1308040
831;65;MUNGKA;1308041
832;65;SULIKI;1308050
833;65;BUKIK BARISAN;1308051
834;65;GUNUANG OMEH;1308060
835;65;KAPUR IX;1308070
836;65;PANGKALAN KOTO BARU;1308080
837;66;BONJOL;1309070
838;66;TIGO NAGARI;1309071
839;66;SIMPANG ALAHAN MATI;1309072
840;66;LUBUK SIKAPING;1309080
841;66;DUA KOTO;1309100
842;66;PANTI;1309110
843;66;PADANG GELUGUR;1309111
844;66;RAO;1309121
845;66;MAPAT TUNGGUL;1309122
846;66;MAPAT TUNGGUL SELATAN;1309123
847;66;RAO SELATAN;1309124
848;66;RAO UTARA;1309125
849;67;SANGIR;1310010
850;67;SANGIR JUJUAN;1310020
851;67;SANGIR BALAI JANGGO;1310021
852;67;SANGIR BATANG HARI;1310030
853;67;SUNGAI PAGU;1310040
854;67;PAUAH DUO;1310041
855;67;KOTO PARIK GADANG DIATEH;1310050
856;68;SUNGAI RUMBAI;1311010
857;68;KOTO BESAR;1311011
858;68;ASAM JUJUHAN;1311012
859;68;KOTO BARU;1311020
860;68;KOTO SALAK;1311021
861;68;TIUMANG;1311022
862;68;PADANG LAWEH;1311023
863;68;SITIUNG;1311030
864;68;TIMPEH;1311031
865;68;PULAU PUNJUNG;1311040
866;68;IX KOTO;1311041
867;69;SUNGAI BEREMAS;1312010
868;69;RANAH BATAHAN;1312020
869;69;KOTO BALINGKA;1312030
870;69;SUNGAI AUR;1312040
871;69;LEMBAH MALINTANG;1312050
872;69;GUNUNG TULEH;1312060
873;69;TALAMAU;1312070
874;69;PASAMAN;1312080
875;69;LUHAK NAN DUO;1312090
876;69;SASAK RANAH PASISIE;1312100
877;69;KINALI;1312110
878;70;BUNGUS TELUK KABUNG;1371010
879;70;LUBUK KILANGAN;1371020
880;70;LUBUK BEGALUNG;1371030
881;70;PADANG SELATAN;1371040
882;70;PADANG TIMUR;1371050
883;70;PADANG BARAT;1371060
884;70;PADANG UTARA;1371070
885;70;NANGGALO;1371080
886;70;KURANJI;1371090
887;70;PAUH;1371100
888;70;KOTO TANGAH;1371110
889;71;LUBUK SIKARAH;1372010
890;71;TANJUNG HARAPAN;1372020
891;72;SILUNGKANG;1373010
892;72;LEMBAH SEGAR;1373020
893;72;BARANGIN;1373030
894;72;TALAWI;1373040
895;73;PADANG PANJANG BARAT;1374010
896;73;PADANG PANJANG TIMUR;1374020
897;74;GUGUK PANJANG;1375010
898;74;MANDIANGIN KOTO SELAYAN;1375020
899;74;AUR BIRUGO TIGO BALEH;1375030
900;75;PAYAKUMBUH BARAT;1376010
901;75;PAYAKUMBUH SELATAN;1376011
902;75;PAYAKUMBUH TIMUR;1376020
903;75;PAYAKUMBUH UTARA;1376030
904;75;LAMPOSI TIGO NAGORI;1376031
905;76;PARIAMAN SELATAN;1377010
906;76;PARIAMAN TENGAH;1377020
907;76;PARIAMAN TIMUR;1377021
908;76;PARIAMAN UTARA;1377030
909;77;KUANTAN MUDIK;1401010
910;77;HULU KUANTAN;1401011
911;77;GUNUNG TOAR;1401012
912;77;PUCUK RANTAU;1401013
913;77;SINGINGI;1401020
914;77;SINGINGI HILIR;1401021
915;77;KUANTAN TENGAH;1401030
916;77;SENTAJO RAYA;1401031
917;77;BENAI;1401040
918;77;KUANTAN HILIR;1401050
919;77;PANGEAN;1401051
920;77;LOGAS TANAH DARAT;1401052
921;77;KUANTAN HILIR SEBERANG;1401053
922;77;CERENTI;1401060
923;77;INUMAN;1401061
924;78;PERANAP;1402010
925;78;BATANG PERANAP;1402011
926;78;SEBERIDA;1402020
927;78;BATANG CENAKU;1402021
928;78;BATANG GANSAL;1402022
929;78;KELAYANG;1402030
930;78;RAKIT KULIM;1402031
931;78;PASIR PENYU;1402040
932;78;LIRIK;1402041
933;78;SUNGAI LALA;1402042
934;78;LUBUK BATU JAYA;1402043
935;78;RENGAT BARAT;1402050
936;78;RENGAT;1402060
937;78;KUALA CENAKU;1402061
938;79;KERITANG;1403010
939;79;KEMUNING;1403011
940;79;RETEH;1403020
941;79;SUNGAI BATANG;1403021
942;79;ENOK;1403030
943;79;TANAH MERAH;1403040
944;79;KUALA INDRAGIRI;1403050
945;79;CONCONG;1403051
946;79;TEMBILAHAN;1403060
947;79;TEMBILAHAN HULU;1403061
948;79;TEMPULING;1403070
949;79;KEMPAS;1403071
950;79;BATANG TUAKA;1403080
951;79;GAUNG ANAK SERKA;1403090
952;79;GAUNG;1403100
953;79;MANDAH;1403110
954;79;KATEMAN;1403120
955;79;PELANGIRAN;1403121
956;79;TELUK BELENGKONG;1403122
957;79;PULAU BURUNG;1403123
958;80;LANGGAM;1404010
959;80;PANGKALAN KERINCI;1404011
960;80;BANDAR SEIKIJANG;1404012
961;80;PANGKALAN KURAS;1404020
962;80;UKUI;1404021
963;80;PANGKALAN LESUNG;1404022
964;80;BUNUT;1404030
965;80;PELALAWAN;1404031
966;80;BANDAR PETALANGAN;1404032
967;80;KUALA KAMPAR;1404040
968;80;KERUMUTAN;1404041
969;80;TELUK MERANTI;1404042
970;81;MINAS;1405010
971;81;SUNGAI MANDAU;1405011
972;81;KANDIS;1405012
973;81;SIAK;1405020
974;81;KERINCI KANAN;1405021
975;81;TUALANG;1405022
976;81;DAYUN;1405023
977;81;LUBUK DALAM;1405024
978;81;KOTO GASIB;1405025
979;81;MEMPURA;1405026
980;81;SUNGAI APIT;1405030
981;81;BUNGA RAYA;1405031
982;81;SABAK AUH;1405032
983;81;PUSAKO;1405033
984;82;KAMPAR KIRI;1406010
985;82;KAMPAR KIRI HULU;1406011
986;82;KAMPAR KIRI HILIR;1406012
987;82;GUNUNG SAHILAN;1406013
988;82;KAMPAR KIRI TENGAH;1406014
989;82;XIII KOTO KAMPAR;1406020
990;82;KOTO KAMPAR HULU;1406021
991;82;KUOK;1406030
992;82;SALO;1406031
993;82;TAPUNG;1406040
994;82;TAPUNG HULU;1406041
995;82;TAPUNG HILIR;1406042
996;82;BANGKINANG KOTA;1406050
997;82;BANGKINANG;1406051
998;82;KAMPAR;1406060
999;82;KAMPAR TIMUR;1406061
1000;82;RUMBIO JAYA;1406062
1001;82;KAMPAR UTARA;1406063
1002;82;TAMBANG;1406070
1003;82;SIAK HULU;1406080
1004;82;PERHENTIAN RAJA;1406081
1005;83;ROKAN IV KOTO;1407010
1006;83;PENDALIAN IV KOTO;1407011
1007;83;TANDUN;1407020
1008;83;KABUN;1407021
1009;83;UJUNG BATU;1407022
1010;83;RAMBAH SAMO;1407030
1011;83;RAMBAH;1407040
1012;83;RAMBAH HILIR;1407041
1013;83;BANGUN PURBA;1407042
1014;83;TAMBUSAI;1407050
1015;83;TAMBUSAI UTARA;1407051
1016;83;KEPENUHAN;1407060
1017;83;KEPENUHAN HULU;1407061
1018;83;KUNTO DARUSSALAM;1407070
1019;83;PAGARAN TAPAH DARUSSALAM;1407071
1020;83;BONAI DARUSSALAM;1407072
1021;84;MANDAU;1408010
1022;84;PINGGIR;1408011
1023;84;BUKIT BATU;1408020
1024;84;SIAK KECIL;1408021
1025;84;RUPAT;1408030
1026;84;RUPAT UTARA;1408031
1027;84;BENGKALIS;1408040
1028;84;BANTAN;1408050
1029;85;TANAH PUTIH;1409010
1030;85;PUJUD;1409011
1031;85;TANAH PUTIH TANJUNG MELAWAN;1409012
1032;85;RANTAU KOPAR;1409013
1033;85;TANJUNG MEDAN;1409014
1034;85;BAGAN SINEMBAH;1409020
1035;85;SIMPANG KANAN;1409021
1036;85;BAGAN SINEMBAH RAYA;1409022
1037;85;BALAI JAYA;1409023
1038;85;KUBU;1409030
1039;85;PASIR LIMAU KAPAS;1409031
1040;85;KUBU BABUSSALAM;1409032
1041;85;BANGKO;1409040
1042;85;SINABOI;1409041
1043;85;BATU HAMPAR;1409042
1044;85;PEKAITAN;1409043
1045;85;RIMBA MELINTANG;1409050
1046;85;BANGKO PUSAKO;1409051
1047;86;TEBING TINGGI BARAT;1410010
1048;86;TEBING TINGGI;1410020
1049;86;TEBING TINGGI TIMUR;1410021
1050;86;RANGSANG;1410030
1051;86;RANGSANG PESISIR;1410031
1052;86;RANGSANG BARAT;1410040
1053;86;MERBAU;1410050
1054;86;PULAU MERBAU;1410051
1055;86;TASIK PUTRI PUYU;1410052
1056;87;TAMPAN;1471010
1057;87;PAYUNG SEKAKI;1471011
1058;87;BUKIT RAYA;1471020
1059;87;MARPOYAN DAMAI;1471021
1060;87;TENAYAN RAYA;1471022
1061;87;LIMAPULUH;1471030
1062;87;SAIL;1471040
1063;87;PEKANBARU KOTA;1471050
1064;87;SUKAJADI;1471060
1065;87;SENAPELAN;1471070
1066;87;RUMBAI;1471080
1067;87;RUMBAI PESISIR;1471081
1068;88;BUKIT KAPUR;1473010
1069;88;MEDANG KAMPAI;1473011
1070;88;SUNGAI SEMBILAN;1473012
1071;88;DUMAI BARAT;1473020
1072;88;DUMAI SELATAN;1473021
1073;88;DUMAI TIMUR;1473030
1074;88;DUMAI KOTA;1473031
1075;89;GUNUNG RAYA;1501010
1076;89;BUKIT KERMAN;1501011
1077;89;BATANG MERANGIN;1501020
1078;89;KELILING DANAU;1501030
1079;89;DANAU KERINCI;1501040
1080;89;SITINJAU LAUT;1501050
1081;89;AIR HANGAT;1501070
1082;89;AIR HANGAT TIMUR;1501071
1083;89;DEPATI VII;1501072
1084;89;AIR HANGAT BARAT;1501073
1085;89;GUNUNG KERINCI;1501080
1086;89;SIULAK;1501081
1087;89;SIULAK MUKAI;1501082
1088;89;KAYU ARO;1501090
1089;89;GUNUNG TUJUH;1501091
1090;89;KAYU ARO BARAT;1501092
1091;90;JANGKAT;1502010
1092;90;SUNGAI TENANG;1502011
1093;90;MUARA SIAU;1502020
1094;90;LEMBAH MASURAI;1502021
1095;90;TIANG PUMPUNG;1502022
1096;90;PAMENANG;1502030
1097;90;PAMENANG BARAT;1502031
1098;90;RENAH PAMENANG;1502032
1099;90;PAMENANG SELATAN;1502033
1100;90;BANGKO;1502040
1101;90;BANGKO BARAT;1502041
1102;90;NALO TANTAN;1502042
1103;90;BATANG MASUMAI;1502043
1104;90;SUNGAI MANAU;1502050
1105;90;RENAH PEMBARAP;1502051
1106;90;PANGKALAN JAMBU;1502052
1107;90;TABIR;1502060
1108;90;TABIR ULU;1502061
1109;90;TABIR SELATAN;1502062
1110;90;TABIR ILIR;1502063
1111;90;TABIR TIMUR;1502064
1112;90;TABIR LINTAS;1502065
1113;90;MARGO TABIR;1502066
1114;90;TABIR BARAT;1502067
1115;91;BATANG ASAI;1503010
1116;91;LIMUN;1503020
1117;91;CERMIN NAN GEDANG;1503021
1118;91;PELAWAN;1503030
1119;91;SINGKUT;1503031
1120;91;SAROLANGUN;1503040
1121;91;BATHIN VIII;1503041
1122;91;PAUH;1503050
1123;91;AIR HITAM;1503051
1124;91;MANDIANGIN;1503060
1125;92;MERSAM;1504010
1126;92;MARO SEBO ULU;1504011
1127;92;BATIN XXIV;1504020
1128;92;MUARA TEMBESI;1504030
1129;92;MUARA BULIAN;1504040
1130;92;BAJUBANG;1504041
1131;92;MARO SEBO ILIR;1504042
1132;92;PEMAYUNG;1504050
1133;93;MESTONG;1505010
1134;93;SUNGAI BAHAR;1505011
1135;93;BAHAR SELATAN;1505012
1136;93;BAHAR UTARA;1505013
1137;93;KUMPEH ULU;1505020
1138;93;SUNGAI GELAM;1505021
1139;93;KUMPEH;1505030
1140;93;MARO SEBO;1505040
1141;93;TAMAN RAJO;1505041
1142;93;JAMBI LUAR KOTA;1505050
1143;93;SEKERNAN;1505060
1144;94;MENDAHARA;1506010
1145;94;MENDAHARA ULU;1506011
1146;94;GERAGAI;1506012
1147;94;DENDANG;1506020
1148;94;MUARA SABAK BARAT;1506031
1149;94;MUARA SABAK TIMUR;1506032
1150;94;KUALA JAMBI;1506033
1151;94;RANTAU RASAU;1506040
1152;94;BERBAK;1506041
1153;94;NIPAH PANJANG;1506050
1154;94;SADU;1506060
1155;95;TUNGKAL ULU;1507010
1156;95;MERLUNG;1507011
1157;95;BATANG ASAM;1507012
1158;95;TEBING TINGGI;1507013
1159;95;RENAH MENDALUH;1507014
1160;95;MUARA PAPALIK;1507015
1161;95;PENGABUAN;1507020
1162;95;SENYERANG;1507021
1163;95;TUNGKAL ILIR;1507030
1164;95;BRAM ITAM;1507031
1165;95;SEBERANG KOTA;1507032
1166;95;BETARA;1507040
1167;95;KUALA BETARA;1507041
1168;96;TEBO ILIR;1508010
1169;96;MUARA TABIR;1508011
1170;96;TEBO TENGAH;1508020
1171;96;SUMAY;1508021
1172;96;TENGAH ILIR;1508022
1173;96;RIMBO BUJANG;1508030
1174;96;RIMBO ULU;1508031
1175;96;RIMBO ILIR;1508032
1176;96;TEBO ULU;1508040
1177;96;VII KOTO;1508041
1178;96;SERAI SERUMPUN;1508042
1179;96;VII KOTO ILIR;1508043
1180;97;PELEPAT;1509010
1181;97;PELEPAT ILIR;1509011
1182;97;BATHIN II BABEKO;1509021
1183;97;RIMBO TENGAH;1509022
1184;97;BUNGO DANI;1509023
1185;97;PASAR MUARA BUNGO;1509024
1186;97;BATHIN III;1509025
1187;97;RANTAU PANDAN;1509030
1188;97;MUKO-MUKO BATHIN VII;1509031
1189;97;BATHIN III ULU;1509032
1190;97;TANAH SEPENGGAL;1509040
1191;97;TANAH SEPENGGAL LINTAS;1509041
1192;97;TANAH TUMBUH;1509050
1193;97;LIMBUR LUBUK MENGKUANG;1509051
1194;97;BATHIN II PELAYANG;1509052
1195;97;JUJUHAN;1509060
1196;97;JUJUHAN ILIR;1509061
1197;98;KOTA BARU;1571010
1198;98;ALAM BARAJO;1571011
1199;98;JAMBI SELATAN;1571020
1200;98;PAAL MERAH;1571021
1201;98;JELUTUNG;1571030
1202;98;PASAR JAMBI;1571040
1203;98;TELANAIPURA;1571050
1204;98;DANAU SIPIN;1571051
1205;98;DANAU TELUK;1571060
1206;98;PELAYANGAN;1571070
1207;98;JAMBI TIMUR;1571080
1208;99;TANAH KAMPUNG;1572010
1209;99;KUMUN DEBAI;1572020
1210;99;SUNGAI PENUH;1572030
1211;99;PONDOK TINGGGI;1572031
1212;99;SUNGAI BUNGKAL;1572032
1213;99;HAMPARAN RAWANG;1572040
1214;99;PESISIR BUKIT;1572050
1215;99;KOTO BARU;1572051
